"mpg","cylinders","displacement","horsepower","weight","acceleration","model","origin","car","owners"
"18","8","307","130","3504","12","70","1","chevrolet chevelle malibu","19434"
"15","8","350","165","3693","11.5","70","1","buick skylark 320","51913"
"18","8","318","150","3436","11","70","1","plymouth satellite","49432"
"16","8","304","150","3433","12","70","1","amc rebel sst","42076"
"17","8","302","140","3449","10.5","70","1","ford torino","10365"
"15","8","429","198","4341","10","70","1","ford galaxie 500","46435"
"14","8","454","220","4354","9","70","1","chevrolet impala","16515"
"14","8","440","215","4312","8.5","70","1","plymouth fury iii","15944"
"14","8","455","225","4425","10","70","1","pontiac catalina","46995"
"15","8","390","190","3850","8.5","70","1","amc ambassador dpl","45266"
"15","8","383","170","3563","10","70","1","dodge challenger se","48458"
"14","8","340","160","3609","8","70","1","plymouth 'cuda 340","51953"
"15","8","400","150","3761","9.5","70","1","chevrolet monte carlo","33114"
"14","8","455","225","3086","10","70","1","buick estate wagon (sw)","52892"
"24","4","113","95","2372","15","70","3","toyota corona mark ii","45429"
"22","6","198","95","2833","15.5","70","1","plymouth duster","30094"
"18","6","199","97","2774","15.5","70","1","amc hornet","54019"
"21","6","200","85","2587","16","70","1","ford maverick","24328"
"27","4","97","88","2130","14.5","70","3","datsun pl510","18428"
"26","4","97","46","1835","20.5","70","2","volkswagen 1131 deluxe sedan","31122"
"25","4","110","87","2672","17.5","70","2","peugeot 504","10461"
"24","4","107","90","2430","14.5","70","2","audi 100 ls","52575"
"25","4","104","95","2375","17.5","70","2","saab 99e","48079"
"26","4","121","113","2234","12.5","70","2","bmw 2002","13991"
"21","6","199","90","2648","15","70","1","amc gremlin","48563"
"10","8","360","215","4615","14","70","1","ford f250","21082"
"10","8","307","200","4376","15","70","1","chevy c20","39791"
"11","8","318","210","4382","13.5","70","1","dodge d200","49648"
"9","8","304","193","4732","18.5","70","1","hi 1200d","19891"
"27","4","97","88","2130","14.5","71","3","datsun pl510","34286"
"28","4","140","90","2264","15.5","71","1","chevrolet vega 2300","54991"
"25","4","113","95","2228","14","71","3","toyota corona","40968"
"25","4","98","","2046","19","71","1","ford pinto","35900"
"19","6","232","100","2634","13","71","1","amc gremlin","29013"
"16","6","225","105","3439","15.5","71","1","plymouth satellite custom","30351"
"17","6","250","100","3329","15.5","71","1","chevrolet chevelle malibu","23717"
"19","6","250","88","3302","15.5","71","1","ford torino 500","31628"
"18","6","232","100","3288","15.5","71","1","amc matador","43302"
"14","8","350","165","4209","12","71","1","chevrolet impala","30241"
"14","8","400","175","4464","11.5","71","1","pontiac catalina brougham","43525"
"14","8","351","153","4154","13.5","71","1","ford galaxie 500","32025"
"14","8","318","150","4096","13","71","1","plymouth fury iii","14384"
"12","8","383","180","4955","11.5","71","1","dodge monaco (sw)","19328"
"13","8","400","170","4746","12","71","1","ford country squire (sw)","39853"
"13","8","400","175","5140","12","71","1","pontiac safari (sw)","56675"
"18","6","258","110","2962","13.5","71","1","amc hornet sportabout (sw)","38423"
"22","4","140","72","2408","19","71","1","chevrolet vega (sw)","21469"
"19","6","250","100","3282","15","71","1","pontiac firebird","18777"
"18","6","250","88","3139","14.5","71","1","ford mustang","52318"
"23","4","122","86","2220","14","71","1","mercury capri 2000","29739"
"28","4","116","90","2123","14","71","2","opel 1900","29900"
"30","4","79","70","2074","19.5","71","2","peugeot 304","22075"
"30","4","88","76","2065","14.5","71","2","fiat 124b","59841"
"31","4","71","65","1773","19","71","3","toyota corolla 1200","54655"
"35","4","72","69","1613","18","71","3","datsun 1200","10560"
"27","4","97","60","1834","19","71","2","volkswagen model 111","36822"
"26","4","91","70","1955","20.5","71","1","plymouth cricket","33601"
"24","4","113","95","2278","15.5","72","3","toyota corona hardtop","33977"
"25","4","98","80","2126","17","72","1","dodge colt hardtop","39439"
"23","4","97","54","2254","23.5","72","2","volkswagen type 3","36037"
"20","4","140","90","2408","19.5","72","1","chevrolet vega","49280"
"21","4","122","86","2226","16.5","72","1","ford pinto runabout","57274"
"13","8","350","165","4274","12","72","1","chevrolet impala","14489"
"14","8","400","175","4385","12","72","1","pontiac catalina","59076"
"15","8","318","150","4135","13.5","72","1","plymouth fury iii","14600"
"14","8","351","153","4129","13","72","1","ford galaxie 500","21791"
"17","8","304","150","3672","11.5","72","1","amc ambassador sst","30607"
"11","8","429","208","4633","11","72","1","mercury marquis","35581"
"13","8","350","155","4502","13.5","72","1","buick lesabre custom","30617"
"12","8","350","160","4456","13.5","72","1","oldsmobile delta 88 royale","45731"
"13","8","400","190","4422","12.5","72","1","chrysler newport royal","47670"
"19","3","70","97","2330","13.5","72","3","mazda rx2 coupe","21422"
"15","8","304","150","3892","12.5","72","1","amc matador (sw)","57450"
"13","8","307","130","4098","14","72","1","chevrolet chevelle concours (sw)","30924"
"13","8","302","140","4294","16","72","1","ford gran torino (sw)","35593"
"14","8","318","150","4077","14","72","1","plymouth satellite custom (sw)","24293"
"18","4","121","112","2933","14.5","72","2","volvo 145e (sw)","59885"
"22","4","121","76","2511","18","72","2","volkswagen 411 (sw)","55523"
"21","4","120","87","2979","19.5","72","2","peugeot 504 (sw)","59646"
"26","4","96","69","2189","18","72","2","renault 12 (sw)","26906"
"22","4","122","86","2395","16","72","1","ford pinto (sw)","45419"
"28","4","97","92","2288","17","72","3","datsun 510 (sw)","22786"
"23","4","120","97","2506","14.5","72","3","toyouta corona mark ii (sw)","58787"
"28","4","98","80","2164","15","72","1","dodge colt (sw)","28291"
"27","4","97","88","2100","16.5","72","3","toyota corolla 1600 (sw)","22802"
"13","8","350","175","4100","13","73","1","buick century 350","24587"
"14","8","304","150","3672","11.5","73","1","amc matador","51085"
"13","8","350","145","3988","13","73","1","chevrolet malibu","26597"
"14","8","302","137","4042","14.5","73","1","ford gran torino","15379"
"15","8","318","150","3777","12.5","73","1","dodge coronet custom","14802"
"12","8","429","198","4952","11.5","73","1","mercury marquis brougham","17677"
"13","8","400","150","4464","12","73","1","chevrolet caprice classic","47348"
"13","8","351","158","4363","13","73","1","ford ltd","37360"
"14","8","318","150","4237","14.5","73","1","plymouth fury gran sedan","57257"
"13","8","440","215","4735","11","73","1","chrysler new yorker brougham","51750"
"12","8","455","225","4951","11","73","1","buick electra 225 custom","37956"
"13","8","360","175","3821","11","73","1","amc ambassador brougham","42747"
"18","6","225","105","3121","16.5","73","1","plymouth valiant","41488"
"16","6","250","100","3278","18","73","1","chevrolet nova custom","37465"
"18","6","232","100","2945","16","73","1","amc hornet","52084"
"18","6","250","88","3021","16.5","73","1","ford maverick","13660"
"23","6","198","95","2904","16","73","1","plymouth duster","42919"
"26","4","97","46","1950","21","73","2","volkswagen super beetle","20029"
"11","8","400","150","4997","14","73","1","chevrolet impala","10120"
"12","8","400","167","4906","12.5","73","1","ford country","25672"
"13","8","360","170","4654","13","73","1","plymouth custom suburb","48991"
"12","8","350","180","4499","12.5","73","1","oldsmobile vista cruiser","49141"
"18","6","232","100","2789","15","73","1","amc gremlin","19978"
"20","4","97","88","2279","19","73","3","toyota carina","51441"
"21","4","140","72","2401","19.5","73","1","chevrolet vega","24339"
"22","4","108","94","2379","16.5","73","3","datsun 610","35638"
"18","3","70","90","2124","13.5","73","3","maxda rx3","54597"
"19","4","122","85","2310","18.5","73","1","ford pinto","24292"
"21","6","155","107","2472","14","73","1","mercury capri v6","46876"
"26","4","98","90","2265","15.5","73","2","fiat 124 sport coupe","37541"
"15","8","350","145","4082","13","73","1","chevrolet monte carlo s","18491"
"16","8","400","230","4278","9.5","73","1","pontiac grand prix","13238"
"29","4","68","49","1867","19.5","73","2","fiat 128","53240"
"24","4","116","75","2158","15.5","73","2","opel manta","10287"
"20","4","114","91","2582","14","73","2","audi 100ls","21831"
"19","4","121","112","2868","15.5","73","2","volvo 144ea","58525"
"15","8","318","150","3399","11","73","1","dodge dart custom","17894"
"24","4","121","110","2660","14","73","2","saab 99le","12638"
"20","6","156","122","2807","13.5","73","3","toyota mark ii","50290"
"11","8","350","180","3664","11","73","1","oldsmobile omega","56529"
"20","6","198","95","3102","16.5","74","1","plymouth duster","53418"
"21","6","200","","2875","17","74","1","ford maverick","41017"
"19","6","232","100","2901","16","74","1","amc hornet","27795"
"15","6","250","100","3336","17","74","1","chevrolet nova","17573"
"31","4","79","67","1950","19","74","3","datsun b210","41370"
"26","4","122","80","2451","16.5","74","1","ford pinto","17697"
"32","4","71","65","1836","21","74","3","toyota corolla 1200","26896"
"25","4","140","75","2542","17","74","1","chevrolet vega","22011"
"16","6","250","100","3781","17","74","1","chevrolet chevelle malibu classic","40793"
"16","6","258","110","3632","18","74","1","amc matador","28558"
"18","6","225","105","3613","16.5","74","1","plymouth satellite sebring","14558"
"16","8","302","140","4141","14","74","1","ford gran torino","14157"
"13","8","350","150","4699","14.5","74","1","buick century luxus (sw)","24047"
"14","8","318","150","4457","13.5","74","1","dodge coronet custom (sw)","32854"
"14","8","302","140","4638","16","74","1","ford gran torino (sw)","24616"
"14","8","304","150","4257","15.5","74","1","amc matador (sw)","42226"
"29","4","98","83","2219","16.5","74","2","audi fox","47248"
"26","4","79","67","1963","15.5","74","2","volkswagen dasher","40942"
"26","4","97","78","2300","14.5","74","2","opel manta","13014"
"31","4","76","52","1649","16.5","74","3","toyota corona","51931"
"32","4","83","61","2003","19","74","3","datsun 710","13502"
"28","4","90","75","2125","14.5","74","1","dodge colt","56133"
"24","4","90","75","2108","15.5","74","2","fiat 128","44957"
"26","4","116","75","2246","14","74","2","fiat 124 tc","42578"
"24","4","120","97","2489","15","74","3","honda civic","48202"
"26","4","108","93","2391","15.5","74","3","subaru","44207"
"31","4","79","67","2000","16","74","2","fiat x1.9","47032"
"19","6","225","95","3264","16","75","1","plymouth valiant custom","59843"
"18","6","250","105","3459","16","75","1","chevrolet nova","33870"
"15","6","250","72","3432","21","75","1","mercury monarch","59254"
"15","6","250","72","3158","19.5","75","1","ford maverick","24601"
"16","8","400","170","4668","11.5","75","1","pontiac catalina","41851"
"15","8","350","145","4440","14","75","1","chevrolet bel air","42915"
"16","8","318","150","4498","14.5","75","1","plymouth grand fury","42869"
"14","8","351","148","4657","13.5","75","1","ford ltd","46870"
"17","6","231","110","3907","21","75","1","buick century","27192"
"16","6","250","105","3897","18.5","75","1","chevroelt chevelle malibu","11112"
"15","6","258","110","3730","19","75","1","amc matador","40197"
"18","6","225","95","3785","19","75","1","plymouth fury","33400"
"21","6","231","110","3039","15","75","1","buick skyhawk","23183"
"20","8","262","110","3221","13.5","75","1","chevrolet monza 2+2","21048"
"13","8","302","129","3169","12","75","1","ford mustang ii","29218"
"29","4","97","75","2171","16","75","3","toyota corolla","31904"
"23","4","140","83","2639","17","75","1","ford pinto","18549"
"20","6","232","100","2914","16","75","1","amc gremlin","51268"
"23","4","140","78","2592","18.5","75","1","pontiac astro","24178"
"24","4","134","96","2702","13.5","75","3","toyota corona","26888"
"25","4","90","71","2223","16.5","75","2","volkswagen dasher","29463"
"24","4","119","97","2545","17","75","3","datsun 710","31677"
"18","6","171","97","2984","14.5","75","1","ford pinto","31013"
"29","4","90","70","1937","14","75","2","volkswagen rabbit","56784"
"19","6","232","90","3211","17","75","1","amc pacer","57543"
"23","4","115","95","2694","15","75","2","audi 100ls","17922"
"23","4","120","88","2957","17","75","2","peugeot 504","48731"
"22","4","121","98","2945","14.5","75","2","volvo 244dl","11027"
"25","4","121","115","2671","13.5","75","2","saab 99le","55904"
"33","4","91","53","1795","17.5","75","3","honda civic cvcc","40464"
"28","4","107","86","2464","15.5","76","2","fiat 131","29409"
"25","4","116","81","2220","16.9","76","2","opel 1900","42064"
"25","4","140","92","2572","14.9","76","1","capri ii","13851"
"26","4","98","79","2255","17.7","76","1","dodge colt","53512"
"27","4","101","83","2202","15.3","76","2","renault 12tl","52137"
"17.5","8","305","140","4215","13","76","1","chevrolet chevelle malibu classic","52885"
"16","8","318","150","4190","13","76","1","dodge coronet brougham","56934"
"15.5","8","304","120","3962","13.9","76","1","amc matador","58105"
"14.5","8","351","152","4215","12.8","76","1","ford gran torino","27818"
"22","6","225","100","3233","15.4","76","1","plymouth valiant","55538"
"22","6","250","105","3353","14.5","76","1","chevrolet nova","50828"
"24","6","200","81","3012","17.6","76","1","ford maverick","54445"
"22.5","6","232","90","3085","17.6","76","1","amc hornet","24337"
"29","4","85","52","2035","22.2","76","1","chevrolet chevette","44989"
"24.5","4","98","60","2164","22.1","76","1","chevrolet woody","53375"
"29","4","90","70","1937","14.2","76","2","vw rabbit","42883"
"33","4","91","53","1795","17.4","76","3","honda civic","17100"
"20","6","225","100","3651","17.7","76","1","dodge aspen se","34232"
"18","6","250","78","3574","21","76","1","ford granada ghia","13611"
"18.5","6","250","110","3645","16.2","76","1","pontiac ventura sj","58682"
"17.5","6","258","95","3193","17.8","76","1","amc pacer d/l","25309"
"29.5","4","97","71","1825","12.2","76","2","volkswagen rabbit","49457"
"32","4","85","70","1990","17","76","3","datsun b-210","49030"
"28","4","97","75","2155","16.4","76","3","toyota corolla","19551"
"26.5","4","140","72","2565","13.6","76","1","ford pinto","13749"
"20","4","130","102","3150","15.7","76","2","volvo 245","17749"
"13","8","318","150","3940","13.2","76","1","plymouth volare premier v8","44313"
"19","4","120","88","3270","21.9","76","2","peugeot 504","31241"
"19","6","156","108","2930","15.5","76","3","toyota mark ii","51289"
"16.5","6","168","120","3820","16.7","76","2","mercedes-benz 280s","40615"
"16.5","8","350","180","4380","12.1","76","1","cadillac seville","16541"
"13","8","350","145","4055","12","76","1","chevy c10","54822"
"13","8","302","130","3870","15","76","1","ford f108","27813"
"13","8","318","150","3755","14","76","1","dodge d100","56047"
"31.5","4","98","68","2045","18.5","77","3","honda accord cvcc","25927"
"30","4","111","80","2155","14.8","77","1","buick opel isuzu deluxe","10441"
"36","4","79","58","1825","18.6","77","2","renault 5 gtl","33342"
"25.5","4","122","96","2300","15.5","77","1","plymouth arrow gs","28856"
"33.5","4","85","70","1945","16.8","77","3","datsun f-10 hatchback","56531"
"17.5","8","305","145","3880","12.5","77","1","chevrolet caprice classic","17225"
"17","8","260","110","4060","19","77","1","oldsmobile cutlass supreme","32482"
"15.5","8","318","145","4140","13.7","77","1","dodge monaco brougham","20920"
"15","8","302","130","4295","14.9","77","1","mercury cougar brougham","48028"
"17.5","6","250","110","3520","16.4","77","1","chevrolet concours","34088"
"20.5","6","231","105","3425","16.9","77","1","buick skylark","53854"
"19","6","225","100","3630","17.7","77","1","plymouth volare custom","50762"
"18.5","6","250","98","3525","19","77","1","ford granada","59618"
"16","8","400","180","4220","11.1","77","1","pontiac grand prix lj","45424"
"15.5","8","350","170","4165","11.4","77","1","chevrolet monte carlo landau","21986"
"15.5","8","400","190","4325","12.2","77","1","chrysler cordoba","46705"
"16","8","351","149","4335","14.5","77","1","ford thunderbird","27480"
"29","4","97","78","1940","14.5","77","2","volkswagen rabbit custom","10938"
"24.5","4","151","88","2740","16","77","1","pontiac sunbird coupe","37134"
"26","4","97","75","2265","18.2","77","3","toyota corolla liftback","54751"
"25.5","4","140","89","2755","15.8","77","1","ford mustang ii 2+2","31402"
"30.5","4","98","63","2051","17","77","1","chevrolet chevette","22623"
"33.5","4","98","83","2075","15.9","77","1","dodge colt m/m","39075"
"30","4","97","67","1985","16.4","77","3","subaru dl","17215"
"30.5","4","97","78","2190","14.1","77","2","volkswagen dasher","44526"
"22","6","146","97","2815","14.5","77","3","datsun 810","38760"
"21.5","4","121","110","2600","12.8","77","2","bmw 320i","24827"
"21.5","3","80","110","2720","13.5","77","3","mazda rx-4","19641"
"43.1","4","90","48","1985","21.5","78","2","volkswagen rabbit custom diesel","51721"
"36.1","4","98","66","1800","14.4","78","1","ford fiesta","39680"
"32.8","4","78","52","1985","19.4","78","3","mazda glc deluxe","33962"
"39.4","4","85","70","2070","18.6","78","3","datsun b210 gx","21329"
"36.1","4","91","60","1800","16.4","78","3","honda civic cvcc","23196"
"19.9","8","260","110","3365","15.5","78","1","oldsmobile cutlass salon brougham","47268"
"19.4","8","318","140","3735","13.2","78","1","dodge diplomat","39363"
"20.2","8","302","139","3570","12.8","78","1","mercury monarch ghia","52646"
"19.2","6","231","105","3535","19.2","78","1","pontiac phoenix lj","15997"
"20.5","6","200","95","3155","18.2","78","1","chevrolet malibu","35143"
"20.2","6","200","85","2965","15.8","78","1","ford fairmont (auto)","37453"
"25.1","4","140","88","2720","15.4","78","1","ford fairmont (man)","47013"
"20.5","6","225","100","3430","17.2","78","1","plymouth volare","48870"
"19.4","6","232","90","3210","17.2","78","1","amc concord","14554"
"20.6","6","231","105","3380","15.8","78","1","buick century special","26719"
"20.8","6","200","85","3070","16.7","78","1","mercury zephyr","28013"
"18.6","6","225","110","3620","18.7","78","1","dodge aspen","19062"
"18.1","6","258","120","3410","15.1","78","1","amc concord d/l","49939"
"19.2","8","305","145","3425","13.2","78","1","chevrolet monte carlo landau","18871"
"17.7","6","231","165","3445","13.4","78","1","buick regal sport coupe (turbo)","56553"
"18.1","8","302","139","3205","11.2","78","1","ford futura","50493"
"17.5","8","318","140","4080","13.7","78","1","dodge magnum xe","12133"
"30","4","98","68","2155","16.5","78","1","chevrolet chevette","55723"
"27.5","4","134","95","2560","14.2","78","3","toyota corona","20982"
"27.2","4","119","97","2300","14.7","78","3","datsun 510","26654"
"30.9","4","105","75","2230","14.5","78","1","dodge omni","40208"
"21.1","4","134","95","2515","14.8","78","3","toyota celica gt liftback","19885"
"23.2","4","156","105","2745","16.7","78","1","plymouth sapporo","43204"
"23.8","4","151","85","2855","17.6","78","1","oldsmobile starfire sx","32027"
"23.9","4","119","97","2405","14.9","78","3","datsun 200-sx","41416"
"20.3","5","131","103","2830","15.9","78","2","audi 5000","27776"
"17","6","163","125","3140","13.6","78","2","volvo 264gl","54941"
"21.6","4","121","115","2795","15.7","78","2","saab 99gle","39002"
"16.2","6","163","133","3410","15.8","78","2","peugeot 604sl","14530"
"31.5","4","89","71","1990","14.9","78","2","volkswagen scirocco","36685"
"29.5","4","98","68","2135","16.6","78","3","honda accord lx","59930"
"21.5","6","231","115","3245","15.4","79","1","pontiac lemans v6","32481"
"19.8","6","200","85","2990","18.2","79","1","mercury zephyr 6","15803"
"22.3","4","140","88","2890","17.3","79","1","ford fairmont 4","13893"
"20.2","6","232","90","3265","18.2","79","1","amc concord dl 6","10051"
"20.6","6","225","110","3360","16.6","79","1","dodge aspen 6","47889"
"17","8","305","130","3840","15.4","79","1","chevrolet caprice classic","38224"
"17.6","8","302","129","3725","13.4","79","1","ford ltd landau","19321"
"16.5","8","351","138","3955","13.2","79","1","mercury grand marquis","43986"
"18.2","8","318","135","3830","15.2","79","1","dodge st. regis","30971"
"16.9","8","350","155","4360","14.9","79","1","buick estate wagon (sw)","17893"
"15.5","8","351","142","4054","14.3","79","1","ford country squire (sw)","19376"
"19.2","8","267","125","3605","15","79","1","chevrolet malibu classic (sw)","56945"
"18.5","8","360","150","3940","13","79","1","chrysler lebaron town @ country (sw)","28034"
"31.9","4","89","71","1925","14","79","2","vw rabbit custom","51226"
"34.1","4","86","65","1975","15.2","79","3","maxda glc deluxe","20629"
"35.7","4","98","80","1915","14.4","79","1","dodge colt hatchback custom","53275"
"27.4","4","121","80","2670","15","79","1","amc spirit dl","22409"
"25.4","5","183","77","3530","20.1","79","2","mercedes benz 300d","28262"
"23","8","350","125","3900","17.4","79","1","cadillac eldorado","15194"
"27.2","4","141","71","3190","24.8","79","2","peugeot 504","34768"
"23.9","8","260","90","3420","22.2","79","1","oldsmobile cutlass salon brougham","52427"
"34.2","4","105","70","2200","13.2","79","1","plymouth horizon","41711"
"34.5","4","105","70","2150","14.9","79","1","plymouth horizon tc3","11359"
"31.8","4","85","65","2020","19.2","79","3","datsun 210","46786"
"37.3","4","91","69","2130","14.7","79","2","fiat strada custom","47604"
"28.4","4","151","90","2670","16","79","1","buick skylark limited","17237"
"28.8","6","173","115","2595","11.3","79","1","chevrolet citation","11701"
"26.8","6","173","115","2700","12.9","79","1","oldsmobile omega brougham","30477"
"33.5","4","151","90","2556","13.2","79","1","pontiac phoenix","47054"
"41.5","4","98","76","2144","14.7","80","2","vw rabbit","17909"
"38.1","4","89","60","1968","18.8","80","3","toyota corolla tercel","37752"
"32.1","4","98","70","2120","15.5","80","1","chevrolet chevette","37472"
"37.2","4","86","65","2019","16.4","80","3","datsun 310","14380"
"28","4","151","90","2678","16.5","80","1","chevrolet citation","57924"
"26.4","4","140","88","2870","18.1","80","1","ford fairmont","30712"
"24.3","4","151","90","3003","20.1","80","1","amc concord","17845"
"19.1","6","225","90","3381","18.7","80","1","dodge aspen","55280"
"34.3","4","97","78","2188","15.8","80","2","audi 4000","30555"
"29.8","4","134","90","2711","15.5","80","3","toyota corona liftback","17524"
"31.3","4","120","75","2542","17.5","80","3","mazda 626","33941"
"37","4","119","92","2434","15","80","3","datsun 510 hatchback","12639"
"32.2","4","108","75","2265","15.2","80","3","toyota corolla","54124"
"46.6","4","86","65","2110","17.9","80","3","mazda glc","44071"
"27.9","4","156","105","2800","14.4","80","1","dodge colt","52789"
"40.8","4","85","65","2110","19.2","80","3","datsun 210","37328"
"44.3","4","90","48","2085","21.7","80","2","vw rabbit c (diesel)","35503"
"43.4","4","90","48","2335","23.7","80","2","vw dasher (diesel)","42846"
"36.4","5","121","67","2950","19.9","80","2","audi 5000s (diesel)","17122"
"30","4","146","67","3250","21.8","80","2","mercedes-benz 240d","59640"
"44.6","4","91","67","1850","13.8","80","3","honda civic 1500 gl","35597"
"40.9","4","85","","1835","17.3","80","2","renault lecar deluxe","20467"
"33.8","4","97","67","2145","18","80","3","subaru dl","47741"
"29.8","4","89","62","1845","15.3","80","2","vokswagen rabbit","17076"
"32.7","6","168","132","2910","11.4","80","3","datsun 280-zx","28776"
"23.7","3","70","100","2420","12.5","80","3","mazda rx-7 gs","34331"
"35","4","122","88","2500","15.1","80","2","triumph tr7 coupe","37086"
"23.6","4","140","","2905","14.3","80","1","ford mustang cobra","24721"
"32.4","4","107","72","2290","17","80","3","honda accord","41061"
"27.2","4","135","84","2490","15.7","81","1","plymouth reliant","27397"
"26.6","4","151","84","2635","16.4","81","1","buick skylark","23959"
"25.8","4","156","92","2620","14.4","81","1","dodge aries wagon (sw)","15769"
"23.5","6","173","110","2725","12.6","81","1","chevrolet citation","45938"
"30","4","135","84","2385","12.9","81","1","plymouth reliant","11271"
"39.1","4","79","58","1755","16.9","81","3","toyota starlet","30986"
"39","4","86","64","1875","16.4","81","1","plymouth champ","51404"
"35.1","4","81","60","1760","16.1","81","3","honda civic 1300","55047"
"32.3","4","97","67","2065","17.8","81","3","subaru","58301"
"37","4","85","65","1975","19.4","81","3","datsun 210 mpg","26319"
"37.7","4","89","62","2050","17.3","81","3","toyota tercel","42538"
"34.1","4","91","68","1985","16","81","3","mazda glc 4","21304"
"34.7","4","105","63","2215","14.9","81","1","plymouth horizon 4","32746"
"34.4","4","98","65","2045","16.2","81","1","ford escort 4w","53152"
"29.9","4","98","65","2380","20.7","81","1","ford escort 2h","52288"
"33","4","105","74","2190","14.2","81","2","volkswagen jetta","54902"
"34.5","4","100","","2320","15.8","81","2","renault 18i","19917"
"33.7","4","107","75","2210","14.4","81","3","honda prelude","36229"
"32.4","4","108","75","2350","16.8","81","3","toyota corolla","31677"
"32.9","4","119","100","2615","14.8","81","3","datsun 200sx","54756"
"31.6","4","120","74","2635","18.3","81","3","mazda 626","41155"
"28.1","4","141","80","3230","20.4","81","2","peugeot 505s turbo diesel","55074"
"30.7","6","145","76","3160","19.6","81","2","volvo diesel","33061"
"25.4","6","168","116","2900","12.6","81","3","toyota cressida","31040"
"24.2","6","146","120","2930","13.8","81","3","datsun 810 maxima","59285"
"22.4","6","231","110","3415","15.8","81","1","buick century","51875"
"26.6","8","350","105","3725","19","81","1","oldsmobile cutlass ls","25413"
"20.2","6","200","88","3060","17.1","81","1","ford granada gl","14870"
"17.6","6","225","85","3465","16.6","81","1","chrysler lebaron salon","20158"
"28","4","112","88","2605","19.6","82","1","chevrolet cavalier","10907"
"27","4","112","88","2640","18.6","82","1","chevrolet cavalier wagon","31368"
"34","4","112","88","2395","18","82","1","chevrolet cavalier 2-door","24217"
"31","4","112","85","2575","16.2","82","1","pontiac j2000 se hatchback","29525"
"29","4","135","84","2525","16","82","1","dodge aries se","58078"
"27","4","151","90","2735","18","82","1","pontiac phoenix","20488"
"24","4","140","92","2865","16.4","82","1","ford fairmont futura","23950"
"23","4","151","","3035","20.5","82","1","amc concord dl","59631"
"36","4","105","74","1980","15.3","82","2","volkswagen rabbit l","45971"
"37","4","91","68","2025","18.2","82","3","mazda glc custom l","56811"
"31","4","91","68","1970","17.6","82","3","mazda glc custom","44830"
"38","4","105","63","2125","14.7","82","1","plymouth horizon miser","30096"
"36","4","98","70","2125","17.3","82","1","mercury lynx l","49269"
"36","4","120","88","2160","14.5","82","3","nissan stanza xe","53683"
"36","4","107","75","2205","14.5","82","3","honda accord","48715"
"34","4","108","70","2245","16.9","82","3","toyota corolla","19614"
"38","4","91","67","1965","15","82","3","honda civic","26338"
"32","4","91","67","1965","15.7","82","3","honda civic (auto)","58020"
"38","4","91","67","1995","16.2","82","3","datsun 310 gx","29320"
"25","6","181","110","2945","16.4","82","1","buick century limited","29711"
"38","6","262","85","3015","17","82","1","oldsmobile cutlass ciera (diesel)","15252"
"26","4","156","92","2585","14.5","82","1","chrysler lebaron medallion","45442"
"22","6","232","112","2835","14.7","82","1","ford granada l","12599"
"32","4","144","96","2665","13.9","82","3","toyota celica gt","54592"
"36","4","135","84","2370","13","82","1","dodge charger 2.2","19096"
"27","4","151","90","2950","17.3","82","1","chevrolet camaro","45982"
"27","4","140","86","2790","15.6","82","1","ford mustang gl","26493"
"44","4","97","52","2130","24.6","82","2","vw pickup","15898"
"32","4","135","84","2295","11.6","82","1","dodge rampage","38821"
"28","4","120","79","2625","18.6","82","1","ford ranger","34184"
"31","4","119","82","2720","19.4","82","1","chevy s-10","15982"
